{
  "name": "shophub-backend",
  "version": "1.0.0",
  "scripts": {
    "start": "node server.js",
    "dev": "nodemon server.js"
  },
  "dependencies": {
    "express": "^4.21.1",
    "mongoose": "^8.8.0",
    "bcryptjs": "^2.4.3",
    "jsonwebtoken": "^9.0.2",
    "cookie-parser": "^1.4.7",
    "cors": "^2.8.5",
    "multer": "^1.4.5-lts.1",
    "stripe": "^16.12.0",
    "dotenv": "^16.4.7",
    "express-async-handler": "^1.2.0"
  },
  "devDependencies": {
    "nodemon": "^3.1.9"
  }
}